"Dataset","lh_caudalanteriorcingulate_thickness"
"ABIDE_I",2.465953832
"ABIDE_I",1.987106466
"BCH",2.504839349
"BCH",2.237084789
"MGH",2.172645933
"MGH",2.559279073
"NIH",1.882734293
"NIH",2.578166324
"OASIS_3",2.199373502
"OASIS_3",2.40262599
